{"Validation loss": 0.24710029363632202, "Epoch Loss": 0.19459544122219086, "Validation Accuracy": 0.39353063702583313, "_timestamp": 1676758810.8173523, "_runtime": 271.9048192501068, "_step": 1, "_wandb": {"runtime": 283}}