{"Validation loss": 0.18168781697750092, "Epoch Loss": 0.1738651692867279, "Validation Accuracy": 0.3830430209636688, "_timestamp": 1676761515.5799053, "_runtime": 2629.3745262622833, "_step": 99, "_wandb": {"runtime": 2631}}