{"Validation loss": 0.2378062754869461, "Epoch Loss": 0.23878410458564758, "Validation Accuracy": 0.0, "_timestamp": 1676750271.8657107, "_runtime": 3233.9452657699585, "_step": 30, "_wandb": {"runtime": 3259}}