{"Validation loss": 0.1824648231267929, "Epoch Loss": 0.17277443408966064, "Validation Accuracy": 0.3444157838821411, "_timestamp": 1676764361.0118923, "_runtime": 2040.0169394016266, "_step": 89, "_wandb": {"runtime": 2050}}