{"Validation loss": 0.265987366437912, "Epoch Loss": 0.24267783761024475, "Validation Accuracy": 0.43290281295776367, "_timestamp": 1677091553.9786358, "_runtime": 1926.9658997058868, "_step": 99, "_wandb": {"runtime": 1929}}