{"Validation loss": 0.6659530401229858, "Epoch Loss": 0.6661000847816467, "Validation Accuracy": 0.2633534371852875, "Correct Ratio": 0.0, "_timestamp": 1677103833.0860171, "_runtime": 2076.0526320934296, "_step": 150, "_wandb": {"runtime": 2086}}