{"Validation loss": 0.6766483187675476, "Epoch Loss": 0.6854794025421143, "Validation Accuracy": 1.056819099932909, "_timestamp": 1677098462.3362994, "_runtime": 354.27100348472595, "_step": 17, "_wandb": {"runtime": 353}}