{"Validation loss": 0.6843476295471191, "Epoch Loss": 0.6736699342727661, "Validation Accuracy": -0.09304165840148926, "_timestamp": 1677101239.3466525, "_runtime": 1234.5808145999908, "_step": 59, "_wandb": {"runtime": 1241}}