{"Validation loss": 0.16765892505645752, "Epoch Loss": 0.17655962705612183, "Validation Accuracy": 0.02054631896317005, "_timestamp": 1676746706.9935803, "_runtime": 440.65304732322693, "_step": 4, "_wandb": {"runtime": 480}}