{"Validation loss": 0.39428213238716125, "Epoch Loss": 0.43045878410339355, "Validation Accuracy": 0.39430391788482666, "_timestamp": 1677086229.4692307, "_runtime": 55.60322856903076, "_step": 1, "_wandb": {"runtime": 56}}