{"Validation loss": 0.16728544235229492, "Epoch Loss": 0.1728125512599945, "Validation Accuracy": 0.3511554002761841, "_timestamp": 1676847073.090997, "_runtime": 3031.0309009552, "_step": 21, "_wandb": {"runtime": 3116}}