{"Validation loss": 0.6695802807807922, "Epoch Loss": 0.6786653399467468, "Validation Accuracy": 0.396536648273468, "Correct Ratio": 0.0, "_timestamp": 1677104629.1259527, "_runtime": 693.3474276065826, "_step": 29, "_wandb": {"runtime": 704}}