{"Validation loss": 0.18713673949241638, "Epoch Loss": 0.19476757943630219, "Validation Accuracy": 0.3775368928909302, "_timestamp": 1676844009.6330357, "_runtime": 510.52097177505493, "_step": 17, "_wandb": {"runtime": 518}}