{"Step Accuracy": 0.5143985748291016, "_timestamp": 1676761702.4135556, "_runtime": 39.923534631729126, "_step": 5051, "_wandb": {"runtime": 42}}