{"Evaluation result": 0.20208685100078583, "Loss": 0.3579121530056, "Evaluation Accuracy": 0.009501188062131405, "_timestamp": 1676746090.3626473, "_runtime": 95.25847625732422, "_step": 0, "_wandb": {"runtime": 155}}