{"Validation loss": 0.18711823225021362, "Epoch Loss": 0.19190359115600586, "Validation Accuracy": 0.4060581922531128, "_timestamp": 1677080931.2340717, "_runtime": 33965.27081871033, "_step": 999, "_wandb": {"runtime": 33967}}