{"Validation loss": 0.16908368468284607, "Epoch Loss": 0.1768237054347992, "Validation Accuracy": 0.35656630992889404, "_timestamp": 1676850902.4913144, "_runtime": 1407.0373895168304, "_step": 9}