{"Validation loss": 0.16955327987670898, "Epoch Loss": 0.17762570083141327, "Validation Accuracy": 0.3573892116546631, "_timestamp": 1676850765.3284526, "_runtime": 1269.8745276927948, "_step": 8}