{"Evaluation result": {"val_loss": 0.4831983149051666}, "Loss": 0.23852986097335815, "_timestamp": 1676674018.2102404, "_runtime": 2744.248235464096, "_step": 32, "_wandb": {"runtime": 2803}}