{"Validation loss": 0.2420969009399414, "Epoch Loss": 0.24215912818908691, "Validation Accuracy": 0.48896247148513794, "_timestamp": 1677088618.166205, "_runtime": 2199.455719947815, "_step": 99, "_wandb": {"runtime": 2201}}