{"Validation loss": 0.19193536043167114, "Epoch Loss": 0.20024338364601135, "Validation Accuracy": 0.38008803129196167, "_timestamp": 1676943241.0999703, "_runtime": 389.00063943862915, "_step": 1, "_wandb": {"runtime": 552}}