{"Validation loss": 0.17026624083518982, "Epoch Loss": 36.618324279785156, "Validation Accuracy": 0.34667766094207764, "_timestamp": 1676766897.675784, "_runtime": 2509.8292100429535, "_step": 99, "_wandb": {"runtime": 2511}}